01-01,06:28:00 AM,08:01:00 AM,12:52:00 PM,03:25:00 PM,05:46:00 PM,07:10:00 PM
01-02,06:29:00 AM,08:01:00 AM,12:52:00 PM,03:26:00 PM,05:47:00 PM,07:11:00 PM
01-03,06:29:00 AM,08:01:00 AM,12:53:00 PM,03:26:00 PM,05:47:00 PM,07:12:00 PM
01-04,06:29:00 AM,08:01:00 AM,12:53:00 PM,03:27:00 PM,05:48:00 PM,07:12:00 PM
01-05,06:29:00 AM,08:01:00 AM,12:54:00 PM,03:28:00 PM,05:49:00 PM,07:13:00 PM
01-06,06:29:00 AM,08:01:00 AM,12:54:00 PM,03:29:00 PM,05:50:00 PM,07:14:00 PM
01-07,06:29:00 AM,08:01:00 AM,12:55:00 PM,03:29:00 PM,05:51:00 PM,07:15:00 PM
01-08,06:29:00 AM,08:01:00 AM,12:55:00 PM,03:30:00 PM,05:52:00 PM,07:16:00 PM
01-09,06:29:00 AM,08:01:00 AM,12:55:00 PM,03:31:00 PM,05:53:00 PM,07:16:00 PM
01-10,06:29:00 AM,08:01:00 AM,12:56:00 PM,03:32:00 PM,05:54:00 PM,07:17:00 PM
01-11,06:29:00 AM,08:01:00 AM,12:56:00 PM,03:33:00 PM,05:55:00 PM,07:18:00 PM
01-12,06:29:00 AM,08:01:00 AM,12:57:00 PM,03:34:00 PM,05:56:00 PM,07:19:00 PM
01-13,06:29:00 AM,08:01:00 AM,12:57:00 PM,03:35:00 PM,05:57:00 PM,07:20:00 PM
01-14,06:29:00 AM,08:00:00 AM,12:57:00 PM,03:36:00 PM,05:58:00 PM,07:21:00 PM
01-15,06:29:00 AM,08:00:00 AM,12:58:00 PM,03:36:00 PM,05:59:00 PM,07:22:00 PM
01-16,06:29:00 AM,08:00:00 AM,12:58:00 PM,03:37:00 PM,06:00:00 PM,07:22:00 PM
01-17,06:29:00 AM,07:59:00 AM,12:58:00 PM,03:38:00 PM,06:01:00 PM,07:23:00 PM
01-18,06:28:00 AM,07:59:00 AM,12:59:00 PM,03:39:00 PM,06:02:00 PM,07:24:00 PM
01-19,06:28:00 AM,07:59:00 AM,12:59:00 PM,03:40:00 PM,06:03:00 PM,07:25:00 PM
01-20,06:28:00 AM,07:58:00 AM,12:59:00 PM,03:41:00 PM,06:04:00 PM,07:26:00 PM
01-21,06:27:00 AM,07:58:00 AM,01:00:00 PM,03:42:00 PM,06:05:00 PM,07:27:00 PM
01-22,06:27:00 AM,07:57:00 AM,01:00:00 PM,03:43:00 PM,06:06:00 PM,07:28:00 PM
01-23,06:27:00 AM,07:57:00 AM,01:00:00 PM,03:44:00 PM,06:07:00 PM,07:29:00 PM
01-24,06:26:00 AM,07:56:00 AM,01:00:00 PM,03:45:00 PM,06:08:00 PM,07:30:00 PM
01-25,06:26:00 AM,07:55:00 AM,01:01:00 PM,03:46:00 PM,06:09:00 PM,07:31:00 PM
01-26,06:25:00 AM,07:55:00 AM,01:01:00 PM,03:47:00 PM,06:10:00 PM,07:32:00 PM
01-27,06:25:00 AM,07:54:00 AM,01:01:00 PM,03:48:00 PM,06:11:00 PM,07:33:00 PM
01-28,06:24:00 AM,07:54:00 AM,01:01:00 PM,03:48:00 PM,06:12:00 PM,07:33:00 PM
01-29,06:24:00 AM,07:53:00 AM,01:01:00 PM,03:49:00 PM,06:13:00 PM,07:34:00 PM
01-30,06:23:00 AM,07:52:00 AM,01:02:00 PM,03:50:00 PM,06:14:00 PM,07:35:00 PM
01-31,06:22:00 AM,07:51:00 AM,01:02:00 PM,03:51:00 PM,06:16:00 PM,07:36:00 PM
02-01,06:22:00 AM,07:50:00 AM,01:02:00 PM,03:52:00 PM,06:17:00 PM,07:37:00 PM
02-02,06:21:00 AM,07:50:00 AM,01:02:00 PM,03:53:00 PM,06:18:00 PM,07:38:00 PM
02-03,06:20:00 AM,07:49:00 AM,01:02:00 PM,03:54:00 PM,06:19:00 PM,07:39:00 PM
02-04,06:20:00 AM,07:48:00 AM,01:02:00 PM,03:55:00 PM,06:20:00 PM,07:40:00 PM
02-05,06:19:00 AM,07:47:00 AM,01:02:00 PM,03:56:00 PM,06:21:00 PM,07:41:00 PM
02-06,06:18:00 AM,07:46:00 AM,01:02:00 PM,03:56:00 PM,06:22:00 PM,07:42:00 PM
02-07,06:17:00 AM,07:45:00 AM,01:02:00 PM,03:57:00 PM,06:23:00 PM,07:43:00 PM
02-08,06:16:00 AM,07:44:00 AM,01:02:00 PM,03:58:00 PM,06:24:00 PM,07:44:00 PM
02-09,06:16:00 AM,07:43:00 AM,01:02:00 PM,03:59:00 PM,06:25:00 PM,07:45:00 PM
02-10,06:15:00 AM,07:42:00 AM,01:03:00 PM,04:00:00 PM,06:26:00 PM,07:46:00 PM
02-11,06:14:00 AM,07:41:00 AM,01:03:00 PM,04:01:00 PM,06:27:00 PM,07:47:00 PM
02-12,06:13:00 AM,07:40:00 AM,01:03:00 PM,04:01:00 PM,06:28:00 PM,07:48:00 PM
02-13,06:12:00 AM,07:39:00 AM,01:02:00 PM,04:02:00 PM,06:30:00 PM,07:49:00 PM
02-14,06:11:00 AM,07:38:00 AM,01:02:00 PM,04:03:00 PM,06:31:00 PM,07:50:00 PM
02-15,06:10:00 AM,07:37:00 AM,01:02:00 PM,04:04:00 PM,06:32:00 PM,07:51:00 PM
02-16,06:09:00 AM,07:36:00 AM,01:02:00 PM,04:05:00 PM,06:33:00 PM,07:51:00 PM
02-17,06:08:00 AM,07:34:00 AM,01:02:00 PM,04:05:00 PM,06:34:00 PM,07:52:00 PM
02-18,06:07:00 AM,07:33:00 AM,01:02:00 PM,04:06:00 PM,06:35:00 PM,07:53:00 PM
02-19,06:05:00 AM,07:32:00 AM,01:02:00 PM,04:07:00 PM,06:36:00 PM,07:54:00 PM
02-20,06:04:00 AM,07:31:00 AM,01:02:00 PM,04:07:00 PM,06:37:00 PM,07:55:00 PM
02-21,06:03:00 AM,07:30:00 AM,01:02:00 PM,04:08:00 PM,06:38:00 PM,07:56:00 PM
02-22,06:02:00 AM,07:28:00 AM,01:02:00 PM,04:09:00 PM,06:39:00 PM,07:57:00 PM
02-23,06:01:00 AM,07:27:00 AM,01:02:00 PM,04:10:00 PM,06:40:00 PM,07:58:00 PM
02-24,06:00:00 AM,07:26:00 AM,01:01:00 PM,04:10:00 PM,06:41:00 PM,07:59:00 PM
02-25,05:58:00 AM,07:24:00 AM,01:01:00 PM,04:11:00 PM,06:42:00 PM,08:00:00 PM
02-26,05:57:00 AM,07:23:00 AM,01:01:00 PM,04:11:00 PM,06:43:00 PM,08:01:00 PM
02-27,05:56:00 AM,07:22:00 AM,01:01:00 PM,04:12:00 PM,06:44:00 PM,08:02:00 PM
02-28,05:55:00 AM,07:20:00 AM,01:01:00 PM,04:13:00 PM,06:45:00 PM,08:03:00 PM
03-01,05:53:00 AM,07:19:00 AM,01:01:00 PM,04:13:00 PM,06:46:00 PM,08:04:00 PM
03-02,05:52:00 AM,07:18:00 AM,01:00:00 PM,04:14:00 PM,06:47:00 PM,08:05:00 PM
03-03,05:51:00 AM,07:16:00 AM,01:00:00 PM,04:15:00 PM,06:47:00 PM,08:05:00 PM
03-04,05:49:00 AM,07:15:00 AM,01:00:00 PM,04:15:00 PM,06:48:00 PM,08:06:00 PM
03-05,05:48:00 AM,07:14:00 AM,01:00:00 PM,04:16:00 PM,06:49:00 PM,08:07:00 PM
03-06,05:46:00 AM,07:12:00 AM,01:00:00 PM,04:16:00 PM,06:50:00 PM,08:08:00 PM
03-07,05:45:00 AM,07:11:00 AM,12:59:00 PM,04:17:00 PM,06:51:00 PM,08:09:00 PM
03-08,05:44:00 AM,07:09:00 AM,12:59:00 PM,04:17:00 PM,06:52:00 PM,08:10:00 PM
03-09,05:42:00 AM,07:08:00 AM,12:59:00 PM,04:18:00 PM,06:53:00 PM,08:11:00 PM
03-10,05:41:00 AM,07:07:00 AM,12:59:00 PM,04:18:00 PM,06:54:00 PM,08:12:00 PM
03-11,05:39:00 AM,07:05:00 AM,12:58:00 PM,04:19:00 PM,06:55:00 PM,08:13:00 PM
03-12,05:38:00 AM,07:04:00 AM,12:58:00 PM,04:19:00 PM,06:56:00 PM,08:14:00 PM
03-13,05:36:00 AM,07:02:00 AM,12:58:00 PM,04:20:00 PM,06:57:00 PM,08:15:00 PM
03-14,05:35:00 AM,07:01:00 AM,12:57:00 PM,04:20:00 PM,06:58:00 PM,08:16:00 PM
03-15,05:33:00 AM,06:59:00 AM,12:57:00 PM,04:20:00 PM,06:59:00 PM,08:17:00 PM
03-16,05:32:00 AM,06:58:00 AM,12:57:00 PM,04:21:00 PM,06:59:00 PM,08:18:00 PM
03-17,05:30:00 AM,06:56:00 AM,12:57:00 PM,04:21:00 PM,07:00:00 PM,08:19:00 PM
03-18,05:29:00 AM,06:55:00 AM,12:56:00 PM,04:22:00 PM,07:01:00 PM,08:20:00 PM
03-19,05:27:00 AM,06:53:00 AM,12:56:00 PM,04:22:00 PM,07:02:00 PM,08:21:00 PM
03-20,05:25:00 AM,06:52:00 AM,12:56:00 PM,04:22:00 PM,07:03:00 PM,08:22:00 PM
03-21,05:24:00 AM,06:50:00 AM,12:55:00 PM,04:23:00 PM,07:04:00 PM,08:23:00 PM
03-22,05:22:00 AM,06:49:00 AM,12:55:00 PM,04:23:00 PM,07:05:00 PM,08:24:00 PM
03-23,05:21:00 AM,06:48:00 AM,12:55:00 PM,04:23:00 PM,07:06:00 PM,08:25:00 PM
03-24,05:19:00 AM,06:46:00 AM,12:55:00 PM,04:24:00 PM,07:07:00 PM,08:26:00 PM
03-25,05:18:00 AM,06:45:00 AM,12:54:00 PM,04:24:00 PM,07:07:00 PM,08:27:00 PM
03-26,05:16:00 AM,06:43:00 AM,12:54:00 PM,04:24:00 PM,07:08:00 PM,08:28:00 PM
03-27,05:14:00 AM,06:42:00 AM,12:54:00 PM,04:25:00 PM,07:09:00 PM,08:29:00 PM
03-28,05:13:00 AM,06:40:00 AM,12:53:00 PM,04:25:00 PM,07:10:00 PM,08:30:00 PM
03-29,05:11:00 AM,06:39:00 AM,12:53:00 PM,04:25:00 PM,07:11:00 PM,08:31:00 PM
03-30,05:09:00 AM,06:37:00 AM,12:53:00 PM,04:26:00 PM,07:12:00 PM,08:32:00 PM
03-31,05:08:00 AM,06:36:00 AM,12:52:00 PM,04:26:00 PM,07:13:00 PM,08:33:00 PM
04-01,05:06:00 AM,06:34:00 AM,12:52:00 PM,04:26:00 PM,07:14:00 PM,08:34:00 PM
04-02,05:04:00 AM,06:33:00 AM,12:52:00 PM,04:26:00 PM,07:14:00 PM,08:35:00 PM
04-03,05:03:00 AM,06:31:00 AM,12:52:00 PM,04:27:00 PM,07:15:00 PM,08:36:00 PM
04-04,05:01:00 AM,06:30:00 AM,12:51:00 PM,04:27:00 PM,07:16:00 PM,08:37:00 PM
04-05,05:00:00 AM,06:28:00 AM,12:51:00 PM,04:27:00 PM,07:17:00 PM,08:38:00 PM
04-06,04:58:00 AM,06:27:00 AM,12:51:00 PM,04:27:00 PM,07:18:00 PM,08:39:00 PM
04-07,04:56:00 AM,06:26:00 AM,12:50:00 PM,04:28:00 PM,07:19:00 PM,08:40:00 PM
04-08,04:55:00 AM,06:24:00 AM,12:50:00 PM,04:28:00 PM,07:20:00 PM,08:41:00 PM
04-09,04:53:00 AM,06:23:00 AM,12:50:00 PM,04:28:00 PM,07:21:00 PM,08:42:00 PM
04-10,04:51:00 AM,06:21:00 AM,12:50:00 PM,04:28:00 PM,07:21:00 PM,08:43:00 PM
04-11,04:50:00 AM,06:20:00 AM,12:49:00 PM,04:28:00 PM,07:22:00 PM,08:44:00 PM
04-12,04:48:00 AM,06:19:00 AM,12:49:00 PM,04:29:00 PM,07:23:00 PM,08:45:00 PM
04-13,04:46:00 AM,06:17:00 AM,12:49:00 PM,04:29:00 PM,07:24:00 PM,08:47:00 PM
04-14,04:45:00 AM,06:16:00 AM,12:49:00 PM,04:29:00 PM,07:25:00 PM,08:48:00 PM
04-15,04:43:00 AM,06:14:00 AM,12:48:00 PM,04:29:00 PM,07:26:00 PM,08:49:00 PM
04-16,04:41:00 AM,06:13:00 AM,12:48:00 PM,04:29:00 PM,07:27:00 PM,08:50:00 PM
04-17,04:40:00 AM,06:12:00 AM,12:48:00 PM,04:30:00 PM,07:27:00 PM,08:51:00 PM
04-18,04:38:00 AM,06:10:00 AM,12:48:00 PM,04:30:00 PM,07:28:00 PM,08:52:00 PM
04-19,04:36:00 AM,06:09:00 AM,12:47:00 PM,04:30:00 PM,07:29:00 PM,08:53:00 PM
04-20,04:35:00 AM,06:08:00 AM,12:47:00 PM,04:30:00 PM,07:30:00 PM,08:55:00 PM
04-21,04:33:00 AM,06:07:00 AM,12:47:00 PM,04:30:00 PM,07:31:00 PM,08:56:00 PM
04-22,04:32:00 AM,06:05:00 AM,12:47:00 PM,04:30:00 PM,07:32:00 PM,08:57:00 PM
04-23,04:30:00 AM,06:04:00 AM,12:47:00 PM,04:31:00 PM,07:33:00 PM,08:58:00 PM
04-24,04:29:00 AM,06:03:00 AM,12:46:00 PM,04:31:00 PM,07:34:00 PM,08:59:00 PM
04-25,04:27:00 AM,06:02:00 AM,12:46:00 PM,04:31:00 PM,07:35:00 PM,09:01:00 PM
04-26,04:25:00 AM,06:00:00 AM,12:46:00 PM,04:31:00 PM,07:35:00 PM,09:02:00 PM
04-27,04:24:00 AM,05:59:00 AM,12:46:00 PM,04:31:00 PM,07:36:00 PM,09:03:00 PM
04-28,04:22:00 AM,05:58:00 AM,12:46:00 PM,04:31:00 PM,07:37:00 PM,09:04:00 PM
04-29,04:21:00 AM,05:57:00 AM,12:46:00 PM,04:31:00 PM,07:38:00 PM,09:05:00 PM
04-30,04:19:00 AM,05:56:00 AM,12:46:00 PM,04:32:00 PM,07:39:00 PM,09:07:00 PM
05-01,04:18:00 AM,05:55:00 AM,12:45:00 PM,04:32:00 PM,07:40:00 PM,09:08:00 PM
05-02,04:16:00 AM,05:53:00 AM,12:45:00 PM,04:32:00 PM,07:41:00 PM,09:09:00 PM
05-03,04:15:00 AM,05:52:00 AM,12:45:00 PM,04:32:00 PM,07:42:00 PM,09:10:00 PM
05-04,04:13:00 AM,05:51:00 AM,12:45:00 PM,04:32:00 PM,07:42:00 PM,09:11:00 PM
05-05,04:12:00 AM,05:50:00 AM,12:45:00 PM,04:32:00 PM,07:43:00 PM,09:13:00 PM
05-06,04:10:00 AM,05:49:00 AM,12:45:00 PM,04:33:00 PM,07:44:00 PM,09:14:00 PM
05-07,04:09:00 AM,05:48:00 AM,12:45:00 PM,04:33:00 PM,07:45:00 PM,09:15:00 PM
05-08,04:08:00 AM,05:47:00 AM,12:45:00 PM,04:33:00 PM,07:46:00 PM,09:16:00 PM
05-09,04:06:00 AM,05:46:00 AM,12:45:00 PM,04:33:00 PM,07:47:00 PM,09:18:00 PM
05-10,04:05:00 AM,05:45:00 AM,12:45:00 PM,04:33:00 PM,07:48:00 PM,09:19:00 PM
05-11,04:04:00 AM,05:44:00 AM,12:45:00 PM,04:33:00 PM,07:48:00 PM,09:20:00 PM
05-12,04:02:00 AM,05:43:00 AM,12:45:00 PM,04:33:00 PM,07:49:00 PM,09:21:00 PM
05-13,04:01:00 AM,05:43:00 AM,12:45:00 PM,04:34:00 PM,07:50:00 PM,09:22:00 PM
05-14,04:00:00 AM,05:42:00 AM,12:45:00 PM,04:34:00 PM,07:51:00 PM,09:24:00 PM
05-15,03:59:00 AM,05:41:00 AM,12:45:00 PM,04:34:00 PM,07:52:00 PM,09:25:00 PM
05-16,03:57:00 AM,05:40:00 AM,12:45:00 PM,04:34:00 PM,07:53:00 PM,09:26:00 PM
05-17,03:56:00 AM,05:39:00 AM,12:45:00 PM,04:34:00 PM,07:53:00 PM,09:27:00 PM
05-18,03:55:00 AM,05:39:00 AM,12:45:00 PM,04:34:00 PM,07:54:00 PM,09:28:00 PM
05-19,03:54:00 AM,05:38:00 AM,12:45:00 PM,04:35:00 PM,07:55:00 PM,09:30:00 PM
05-20,03:53:00 AM,05:37:00 AM,12:45:00 PM,04:35:00 PM,07:56:00 PM,09:31:00 PM
05-21,03:52:00 AM,05:36:00 AM,12:45:00 PM,04:35:00 PM,07:57:00 PM,09:32:00 PM
05-22,03:51:00 AM,05:36:00 AM,12:45:00 PM,04:35:00 PM,07:57:00 PM,09:33:00 PM
05-23,03:50:00 AM,05:35:00 AM,12:45:00 PM,04:35:00 PM,07:58:00 PM,09:34:00 PM
05-24,03:49:00 AM,05:35:00 AM,12:45:00 PM,04:36:00 PM,07:59:00 PM,09:35:00 PM
05-25,03:48:00 AM,05:34:00 AM,12:45:00 PM,04:36:00 PM,08:00:00 PM,09:36:00 PM
05-26,03:47:00 AM,05:34:00 AM,12:45:00 PM,04:36:00 PM,08:00:00 PM,09:37:00 PM
05-27,03:46:00 AM,05:33:00 AM,12:45:00 PM,04:36:00 PM,08:01:00 PM,09:38:00 PM
05-28,03:45:00 AM,05:33:00 AM,12:46:00 PM,04:36:00 PM,08:02:00 PM,09:39:00 PM
05-29,03:45:00 AM,05:32:00 AM,12:46:00 PM,04:37:00 PM,08:03:00 PM,09:40:00 PM
05-30,03:44:00 AM,05:32:00 AM,12:46:00 PM,04:37:00 PM,08:03:00 PM,09:41:00 PM
05-31,03:43:00 AM,05:31:00 AM,12:46:00 PM,04:37:00 PM,08:04:00 PM,09:42:00 PM
06-01,03:42:00 AM,05:31:00 AM,12:46:00 PM,04:37:00 PM,08:05:00 PM,09:43:00 PM
06-02,03:42:00 AM,05:31:00 AM,12:46:00 PM,04:37:00 PM,08:05:00 PM,09:44:00 PM
06-03,03:41:00 AM,05:30:00 AM,12:46:00 PM,04:38:00 PM,08:06:00 PM,09:45:00 PM
06-04,03:41:00 AM,05:30:00 AM,12:47:00 PM,04:38:00 PM,08:06:00 PM,09:46:00 PM
06-05,03:40:00 AM,05:30:00 AM,12:47:00 PM,04:38:00 PM,08:07:00 PM,09:47:00 PM
06-06,03:40:00 AM,05:30:00 AM,12:47:00 PM,04:38:00 PM,08:08:00 PM,09:47:00 PM
06-07,03:39:00 AM,05:29:00 AM,12:47:00 PM,04:39:00 PM,08:08:00 PM,09:48:00 PM
06-08,03:39:00 AM,05:29:00 AM,12:47:00 PM,04:39:00 PM,08:09:00 PM,09:49:00 PM
06-09,03:38:00 AM,05:29:00 AM,12:48:00 PM,04:39:00 PM,08:09:00 PM,09:50:00 PM
06-10,03:38:00 AM,05:29:00 AM,12:48:00 PM,04:39:00 PM,08:10:00 PM,09:50:00 PM
06-11,03:38:00 AM,05:29:00 AM,12:48:00 PM,04:39:00 PM,08:10:00 PM,09:51:00 PM
06-12,03:38:00 AM,05:29:00 AM,12:48:00 PM,04:40:00 PM,08:11:00 PM,09:51:00 PM
06-13,03:37:00 AM,05:29:00 AM,12:48:00 PM,04:40:00 PM,08:11:00 PM,09:52:00 PM
06-14,03:37:00 AM,05:29:00 AM,12:49:00 PM,04:40:00 PM,08:11:00 PM,09:52:00 PM
06-15,03:37:00 AM,05:29:00 AM,12:49:00 PM,04:40:00 PM,08:12:00 PM,09:53:00 PM
06-16,03:37:00 AM,05:29:00 AM,12:49:00 PM,04:41:00 PM,08:12:00 PM,09:53:00 PM
06-17,03:37:00 AM,05:29:00 AM,12:49:00 PM,04:41:00 PM,08:13:00 PM,09:54:00 PM
06-18,03:37:00 AM,05:29:00 AM,12:50:00 PM,04:41:00 PM,08:13:00 PM,09:54:00 PM
06-19,03:37:00 AM,05:29:00 AM,12:50:00 PM,04:41:00 PM,08:13:00 PM,09:54:00 PM
06-20,03:38:00 AM,05:30:00 AM,12:50:00 PM,04:42:00 PM,08:13:00 PM,09:55:00 PM
06-21,03:38:00 AM,05:30:00 AM,12:50:00 PM,04:42:00 PM,08:14:00 PM,09:55:00 PM
06-22,03:38:00 AM,05:30:00 AM,12:50:00 PM,04:42:00 PM,08:14:00 PM,09:55:00 PM
06-23,03:38:00 AM,05:30:00 AM,12:51:00 PM,04:42:00 PM,08:14:00 PM,09:55:00 PM
06-24,03:39:00 AM,05:31:00 AM,12:51:00 PM,04:42:00 PM,08:14:00 PM,09:55:00 PM
06-25,03:39:00 AM,05:31:00 AM,12:51:00 PM,04:43:00 PM,08:14:00 PM,09:55:00 PM
06-26,03:39:00 AM,05:31:00 AM,12:51:00 PM,04:43:00 PM,08:14:00 PM,09:55:00 PM
06-27,03:40:00 AM,05:32:00 AM,12:51:00 PM,04:43:00 PM,08:14:00 PM,09:55:00 PM
06-28,03:40:00 AM,05:32:00 AM,12:52:00 PM,04:43:00 PM,08:14:00 PM,09:55:00 PM
06-29,03:41:00 AM,05:32:00 AM,12:52:00 PM,04:43:00 PM,08:14:00 PM,09:55:00 PM
06-30,03:41:00 AM,05:33:00 AM,12:52:00 PM,04:44:00 PM,08:14:00 PM,09:55:00 PM
07-01,03:42:00 AM,05:33:00 AM,12:52:00 PM,04:44:00 PM,08:14:00 PM,09:55:00 PM
07-02,03:43:00 AM,05:34:00 AM,12:52:00 PM,04:44:00 PM,08:14:00 PM,09:54:00 PM
07-03,03:43:00 AM,05:34:00 AM,12:53:00 PM,04:44:00 PM,08:14:00 PM,09:54:00 PM
07-04,03:44:00 AM,05:35:00 AM,12:53:00 PM,04:44:00 PM,08:14:00 PM,09:54:00 PM
07-05,03:45:00 AM,05:35:00 AM,12:53:00 PM,04:44:00 PM,08:14:00 PM,09:53:00 PM
07-06,03:46:00 AM,05:36:00 AM,12:53:00 PM,04:44:00 PM,08:13:00 PM,09:53:00 PM
07-07,03:46:00 AM,05:36:00 AM,12:53:00 PM,04:45:00 PM,08:13:00 PM,09:52:00 PM
07-08,03:47:00 AM,05:37:00 AM,12:53:00 PM,04:45:00 PM,08:13:00 PM,09:52:00 PM
07-09,03:48:00 AM,05:37:00 AM,12:54:00 PM,04:45:00 PM,08:12:00 PM,09:51:00 PM
07-10,03:49:00 AM,05:38:00 AM,12:54:00 PM,04:45:00 PM,08:12:00 PM,09:51:00 PM
07-11,03:50:00 AM,05:39:00 AM,12:54:00 PM,04:45:00 PM,08:12:00 PM,09:50:00 PM
07-12,03:51:00 AM,05:39:00 AM,12:54:00 PM,04:45:00 PM,08:11:00 PM,09:49:00 PM
07-13,03:52:00 AM,05:40:00 AM,12:54:00 PM,04:45:00 PM,08:11:00 PM,09:49:00 PM
07-14,03:53:00 AM,05:41:00 AM,12:54:00 PM,04:45:00 PM,08:11:00 PM,09:48:00 PM
07-15,03:54:00 AM,05:41:00 AM,12:54:00 PM,04:45:00 PM,08:10:00 PM,09:47:00 PM
07-16,03:55:00 AM,05:42:00 AM,12:54:00 PM,04:45:00 PM,08:10:00 PM,09:46:00 PM
07-17,03:56:00 AM,05:43:00 AM,12:54:00 PM,04:45:00 PM,08:09:00 PM,09:45:00 PM
07-18,03:57:00 AM,05:43:00 AM,12:55:00 PM,04:45:00 PM,08:08:00 PM,09:44:00 PM
07-19,03:58:00 AM,05:44:00 AM,12:55:00 PM,04:45:00 PM,08:08:00 PM,09:44:00 PM
07-20,03:59:00 AM,05:45:00 AM,12:55:00 PM,04:45:00 PM,08:07:00 PM,09:43:00 PM
07-21,04:00:00 AM,05:46:00 AM,12:55:00 PM,04:45:00 PM,08:07:00 PM,09:42:00 PM
07-22,04:01:00 AM,05:46:00 AM,12:55:00 PM,04:45:00 PM,08:06:00 PM,09:41:00 PM
07-23,04:02:00 AM,05:47:00 AM,12:55:00 PM,04:45:00 PM,08:05:00 PM,09:40:00 PM
07-24,04:04:00 AM,05:48:00 AM,12:55:00 PM,04:45:00 PM,08:04:00 PM,09:38:00 PM
07-25,04:05:00 AM,05:49:00 AM,12:55:00 PM,04:44:00 PM,08:04:00 PM,09:37:00 PM
07-26,04:06:00 AM,05:49:00 AM,12:55:00 PM,04:44:00 PM,08:03:00 PM,09:36:00 PM
07-27,04:07:00 AM,05:50:00 AM,12:55:00 PM,04:44:00 PM,08:02:00 PM,09:35:00 PM
07-28,04:08:00 AM,05:51:00 AM,12:55:00 PM,04:44:00 PM,08:01:00 PM,09:34:00 PM
07-29,04:10:00 AM,05:52:00 AM,12:55:00 PM,04:44:00 PM,08:00:00 PM,09:33:00 PM
07-30,04:11:00 AM,05:52:00 AM,12:55:00 PM,04:44:00 PM,07:59:00 PM,09:31:00 PM
07-31,04:12:00 AM,05:53:00 AM,12:55:00 PM,04:43:00 PM,07:59:00 PM,09:30:00 PM
08-01,04:13:00 AM,05:54:00 AM,12:55:00 PM,04:43:00 PM,07:58:00 PM,09:29:00 PM
08-02,04:14:00 AM,05:55:00 AM,12:55:00 PM,04:43:00 PM,07:57:00 PM,09:27:00 PM
08-03,04:16:00 AM,05:56:00 AM,12:54:00 PM,04:43:00 PM,07:56:00 PM,09:26:00 PM
08-04,04:17:00 AM,05:57:00 AM,12:54:00 PM,04:42:00 PM,07:55:00 PM,09:25:00 PM
08-05,04:18:00 AM,05:57:00 AM,12:54:00 PM,04:42:00 PM,07:54:00 PM,09:23:00 PM
08-06,04:19:00 AM,05:58:00 AM,12:54:00 PM,04:42:00 PM,07:53:00 PM,09:22:00 PM
08-07,04:20:00 AM,05:59:00 AM,12:54:00 PM,04:41:00 PM,07:52:00 PM,09:21:00 PM
08-08,04:22:00 AM,06:00:00 AM,12:54:00 PM,04:41:00 PM,07:50:00 PM,09:19:00 PM
08-09,04:23:00 AM,06:01:00 AM,12:54:00 PM,04:41:00 PM,07:49:00 PM,09:18:00 PM
08-10,04:24:00 AM,06:01:00 AM,12:54:00 PM,04:40:00 PM,07:48:00 PM,09:16:00 PM
08-11,04:25:00 AM,06:02:00 AM,12:53:00 PM,04:40:00 PM,07:47:00 PM,09:15:00 PM
08-12,04:26:00 AM,06:03:00 AM,12:53:00 PM,04:39:00 PM,07:46:00 PM,09:13:00 PM
08-13,04:28:00 AM,06:04:00 AM,12:53:00 PM,04:39:00 PM,07:45:00 PM,09:12:00 PM
08-14,04:29:00 AM,06:05:00 AM,12:53:00 PM,04:38:00 PM,07:44:00 PM,09:10:00 PM
08-15,04:30:00 AM,06:06:00 AM,12:53:00 PM,04:38:00 PM,07:42:00 PM,09:09:00 PM
08-16,04:31:00 AM,06:06:00 AM,12:53:00 PM,04:37:00 PM,07:41:00 PM,09:07:00 PM
08-17,04:32:00 AM,06:07:00 AM,12:52:00 PM,04:37:00 PM,07:40:00 PM,09:06:00 PM
08-18,04:33:00 AM,06:08:00 AM,12:52:00 PM,04:36:00 PM,07:39:00 PM,09:04:00 PM
08-19,04:35:00 AM,06:09:00 AM,12:52:00 PM,04:36:00 PM,07:37:00 PM,09:02:00 PM
08-20,04:36:00 AM,06:10:00 AM,12:52:00 PM,04:35:00 PM,07:36:00 PM,09:01:00 PM
08-21,04:37:00 AM,06:10:00 AM,12:51:00 PM,04:34:00 PM,07:35:00 PM,08:59:00 PM
08-22,04:38:00 AM,06:11:00 AM,12:51:00 PM,04:34:00 PM,07:33:00 PM,08:58:00 PM
08-23,04:39:00 AM,06:12:00 AM,12:51:00 PM,04:33:00 PM,07:32:00 PM,08:56:00 PM
08-24,04:40:00 AM,06:13:00 AM,12:51:00 PM,04:33:00 PM,07:31:00 PM,08:54:00 PM
08-25,04:41:00 AM,06:14:00 AM,12:50:00 PM,04:32:00 PM,07:29:00 PM,08:53:00 PM
08-26,04:42:00 AM,06:15:00 AM,12:50:00 PM,04:31:00 PM,07:28:00 PM,08:51:00 PM
08-27,04:44:00 AM,06:15:00 AM,12:50:00 PM,04:31:00 PM,07:27:00 PM,08:49:00 PM
08-28,04:45:00 AM,06:16:00 AM,12:49:00 PM,04:30:00 PM,07:25:00 PM,08:48:00 PM
08-29,04:46:00 AM,06:17:00 AM,12:49:00 PM,04:29:00 PM,07:24:00 PM,08:46:00 PM
08-30,04:47:00 AM,06:18:00 AM,12:49:00 PM,04:28:00 PM,07:22:00 PM,08:44:00 PM
08-31,04:48:00 AM,06:19:00 AM,12:49:00 PM,04:28:00 PM,07:21:00 PM,08:43:00 PM
09-01,04:49:00 AM,06:19:00 AM,12:48:00 PM,04:27:00 PM,07:19:00 PM,08:41:00 PM
09-02,04:50:00 AM,06:20:00 AM,12:48:00 PM,04:26:00 PM,07:18:00 PM,08:39:00 PM
09-03,04:51:00 AM,06:21:00 AM,12:48:00 PM,04:25:00 PM,07:17:00 PM,08:38:00 PM
09-04,04:52:00 AM,06:22:00 AM,12:47:00 PM,04:24:00 PM,07:15:00 PM,08:36:00 PM
09-05,04:53:00 AM,06:23:00 AM,12:47:00 PM,04:24:00 PM,07:14:00 PM,08:34:00 PM
09-06,04:54:00 AM,06:23:00 AM,12:47:00 PM,04:23:00 PM,07:12:00 PM,08:33:00 PM
09-07,04:55:00 AM,06:24:00 AM,12:46:00 PM,04:22:00 PM,07:11:00 PM,08:31:00 PM
09-08,04:56:00 AM,06:25:00 AM,12:46:00 PM,04:21:00 PM,07:09:00 PM,08:29:00 PM
09-09,04:57:00 AM,06:26:00 AM,12:46:00 PM,04:20:00 PM,07:08:00 PM,08:28:00 PM
09-10,04:58:00 AM,06:27:00 AM,12:45:00 PM,04:19:00 PM,07:06:00 PM,08:26:00 PM
09-11,04:59:00 AM,06:27:00 AM,12:45:00 PM,04:18:00 PM,07:05:00 PM,08:25:00 PM
09-12,05:00:00 AM,06:28:00 AM,12:44:00 PM,04:17:00 PM,07:03:00 PM,08:23:00 PM
09-13,05:01:00 AM,06:29:00 AM,12:44:00 PM,04:16:00 PM,07:02:00 PM,08:21:00 PM
09-14,05:02:00 AM,06:30:00 AM,12:44:00 PM,04:16:00 PM,07:00:00 PM,08:20:00 PM
09-15,05:03:00 AM,06:31:00 AM,12:43:00 PM,04:15:00 PM,06:59:00 PM,08:18:00 PM
09-16,05:04:00 AM,06:31:00 AM,12:43:00 PM,04:14:00 PM,06:57:00 PM,08:16:00 PM
09-17,05:05:00 AM,06:32:00 AM,12:43:00 PM,04:13:00 PM,06:56:00 PM,08:15:00 PM
09-18,05:06:00 AM,06:33:00 AM,12:42:00 PM,04:12:00 PM,06:54:00 PM,08:13:00 PM
09-19,05:07:00 AM,06:34:00 AM,12:42:00 PM,04:11:00 PM,06:53:00 PM,08:11:00 PM
09-20,05:08:00 AM,06:35:00 AM,12:42:00 PM,04:10:00 PM,06:51:00 PM,08:10:00 PM
09-21,05:09:00 AM,06:35:00 AM,12:41:00 PM,04:09:00 PM,06:50:00 PM,08:08:00 PM
09-22,05:09:00 AM,06:36:00 AM,12:41:00 PM,04:08:00 PM,06:48:00 PM,08:07:00 PM
09-23,05:10:00 AM,06:37:00 AM,12:41:00 PM,04:07:00 PM,06:47:00 PM,08:05:00 PM
09-24,05:11:00 AM,06:38:00 AM,12:40:00 PM,04:06:00 PM,06:45:00 PM,08:03:00 PM
09-25,05:12:00 AM,06:39:00 AM,12:40:00 PM,04:05:00 PM,06:44:00 PM,08:02:00 PM
09-26,05:13:00 AM,06:39:00 AM,12:40:00 PM,04:04:00 PM,06:42:00 PM,08:00:00 PM
09-27,05:14:00 AM,06:40:00 AM,12:39:00 PM,04:03:00 PM,06:41:00 PM,07:59:00 PM
09-28,05:15:00 AM,06:41:00 AM,12:39:00 PM,04:02:00 PM,06:39:00 PM,07:57:00 PM
09-29,05:16:00 AM,06:42:00 AM,12:39:00 PM,04:01:00 PM,06:38:00 PM,07:56:00 PM
09-30,05:17:00 AM,06:43:00 AM,12:38:00 PM,04:00:00 PM,06:36:00 PM,07:54:00 PM
10-01,05:17:00 AM,06:44:00 AM,12:38:00 PM,03:58:00 PM,06:35:00 PM,07:52:00 PM
10-02,05:18:00 AM,06:44:00 AM,12:38:00 PM,03:57:00 PM,06:33:00 PM,07:51:00 PM
10-03,05:19:00 AM,06:45:00 AM,12:37:00 PM,03:56:00 PM,06:32:00 PM,07:49:00 PM
10-04,05:20:00 AM,06:46:00 AM,12:37:00 PM,03:55:00 PM,06:30:00 PM,07:48:00 PM
10-05,05:21:00 AM,06:47:00 AM,12:37:00 PM,03:54:00 PM,06:29:00 PM,07:47:00 PM
10-06,05:22:00 AM,06:48:00 AM,12:36:00 PM,03:53:00 PM,06:27:00 PM,07:45:00 PM
10-07,05:23:00 AM,06:49:00 AM,12:36:00 PM,03:52:00 PM,06:26:00 PM,07:44:00 PM
10-08,05:24:00 AM,06:50:00 AM,12:36:00 PM,03:51:00 PM,06:24:00 PM,07:42:00 PM
10-09,05:24:00 AM,06:50:00 AM,12:35:00 PM,03:50:00 PM,06:23:00 PM,07:41:00 PM
10-10,05:25:00 AM,06:51:00 AM,12:35:00 PM,03:49:00 PM,06:22:00 PM,07:39:00 PM
10-11,05:26:00 AM,06:52:00 AM,12:35:00 PM,03:48:00 PM,06:20:00 PM,07:38:00 PM
10-12,05:27:00 AM,06:53:00 AM,12:35:00 PM,03:47:00 PM,06:19:00 PM,07:37:00 PM
10-13,05:28:00 AM,06:54:00 AM,12:34:00 PM,03:46:00 PM,06:17:00 PM,07:35:00 PM
10-14,05:29:00 AM,06:55:00 AM,12:34:00 PM,03:45:00 PM,06:16:00 PM,07:34:00 PM
10-15,05:30:00 AM,06:56:00 AM,12:34:00 PM,03:44:00 PM,06:15:00 PM,07:33:00 PM
10-16,05:30:00 AM,06:57:00 AM,12:34:00 PM,03:43:00 PM,06:13:00 PM,07:31:00 PM
10-17,05:31:00 AM,06:58:00 AM,12:34:00 PM,03:42:00 PM,06:12:00 PM,07:30:00 PM
10-18,05:32:00 AM,06:59:00 AM,12:33:00 PM,03:41:00 PM,06:11:00 PM,07:29:00 PM
10-19,05:33:00 AM,06:59:00 AM,12:33:00 PM,03:40:00 PM,06:09:00 PM,07:28:00 PM
10-20,05:34:00 AM,07:00:00 AM,12:33:00 PM,03:39:00 PM,06:08:00 PM,07:26:00 PM
10-21,05:35:00 AM,07:01:00 AM,12:33:00 PM,03:38:00 PM,06:07:00 PM,07:25:00 PM
10-22,05:36:00 AM,07:02:00 AM,12:33:00 PM,03:37:00 PM,06:06:00 PM,07:24:00 PM
10-23,05:37:00 AM,07:03:00 AM,12:33:00 PM,03:36:00 PM,06:04:00 PM,07:23:00 PM
10-24,05:37:00 AM,07:04:00 AM,12:32:00 PM,03:35:00 PM,06:03:00 PM,07:22:00 PM
10-25,05:38:00 AM,07:05:00 AM,12:32:00 PM,03:34:00 PM,06:02:00 PM,07:21:00 PM
10-26,05:39:00 AM,07:06:00 AM,12:32:00 PM,03:33:00 PM,06:01:00 PM,07:20:00 PM
10-27,05:40:00 AM,07:07:00 AM,12:32:00 PM,03:32:00 PM,06:00:00 PM,07:19:00 PM
10-28,05:41:00 AM,07:08:00 AM,12:32:00 PM,03:31:00 PM,05:58:00 PM,07:18:00 PM
10-29,05:42:00 AM,07:09:00 AM,12:32:00 PM,03:31:00 PM,05:57:00 PM,07:17:00 PM
10-30,05:43:00 AM,07:10:00 AM,12:32:00 PM,03:30:00 PM,05:56:00 PM,07:16:00 PM
10-31,05:44:00 AM,07:11:00 AM,12:32:00 PM,03:29:00 PM,05:55:00 PM,07:15:00 PM
11-01,05:44:00 AM,07:12:00 AM,12:32:00 PM,03:28:00 PM,05:54:00 PM,07:14:00 PM
11-02,05:45:00 AM,07:13:00 AM,12:32:00 PM,03:27:00 PM,05:53:00 PM,07:13:00 PM
11-03,05:46:00 AM,07:14:00 AM,12:32:00 PM,03:26:00 PM,05:52:00 PM,07:12:00 PM
11-04,05:47:00 AM,07:15:00 AM,12:32:00 PM,03:26:00 PM,05:51:00 PM,07:11:00 PM
11-05,05:48:00 AM,07:16:00 AM,12:32:00 PM,03:25:00 PM,05:50:00 PM,07:10:00 PM
11-06,05:49:00 AM,07:17:00 AM,12:32:00 PM,03:24:00 PM,05:49:00 PM,07:09:00 PM
11-07,05:50:00 AM,07:18:00 AM,12:32:00 PM,03:23:00 PM,05:48:00 PM,07:09:00 PM
11-08,05:51:00 AM,07:19:00 AM,12:32:00 PM,03:23:00 PM,05:47:00 PM,07:08:00 PM
11-09,05:52:00 AM,07:20:00 AM,12:32:00 PM,03:22:00 PM,05:47:00 PM,07:07:00 PM
11-10,05:52:00 AM,07:21:00 AM,12:32:00 PM,03:21:00 PM,05:46:00 PM,07:06:00 PM
11-11,05:53:00 AM,07:22:00 AM,12:32:00 PM,03:21:00 PM,05:45:00 PM,07:06:00 PM
11-12,05:54:00 AM,07:23:00 AM,12:32:00 PM,03:20:00 PM,05:44:00 PM,07:05:00 PM
11-13,05:55:00 AM,07:24:00 AM,12:33:00 PM,03:20:00 PM,05:43:00 PM,07:04:00 PM
11-14,05:56:00 AM,07:25:00 AM,12:33:00 PM,03:19:00 PM,05:43:00 PM,07:04:00 PM
11-15,05:57:00 AM,07:26:00 AM,12:33:00 PM,03:19:00 PM,05:42:00 PM,07:03:00 PM
11-16,05:58:00 AM,07:27:00 AM,12:33:00 PM,03:18:00 PM,05:41:00 PM,07:03:00 PM
11-17,05:59:00 AM,07:29:00 AM,12:33:00 PM,03:18:00 PM,05:41:00 PM,07:02:00 PM
11-18,06:00:00 AM,07:30:00 AM,12:33:00 PM,03:17:00 PM,05:40:00 PM,07:02:00 PM
11-19,06:00:00 AM,07:31:00 AM,12:34:00 PM,03:17:00 PM,05:39:00 PM,07:01:00 PM
11-20,06:01:00 AM,07:32:00 AM,12:34:00 PM,03:16:00 PM,05:39:00 PM,07:01:00 PM
11-21,06:02:00 AM,07:33:00 AM,12:34:00 PM,03:16:00 PM,05:38:00 PM,07:01:00 PM
11-22,06:03:00 AM,07:34:00 AM,12:34:00 PM,03:16:00 PM,05:38:00 PM,07:00:00 PM
11-23,06:04:00 AM,07:35:00 AM,12:35:00 PM,03:15:00 PM,05:37:00 PM,07:00:00 PM
11-24,06:05:00 AM,07:36:00 AM,12:35:00 PM,03:15:00 PM,05:37:00 PM,07:00:00 PM
11-25,06:06:00 AM,07:37:00 AM,12:35:00 PM,03:15:00 PM,05:37:00 PM,07:00:00 PM
11-26,06:07:00 AM,07:38:00 AM,12:36:00 PM,03:14:00 PM,05:36:00 PM,06:59:00 PM
11-27,06:07:00 AM,07:39:00 AM,12:36:00 PM,03:14:00 PM,05:36:00 PM,06:59:00 PM
11-28,06:08:00 AM,07:40:00 AM,12:36:00 PM,03:14:00 PM,05:36:00 PM,06:59:00 PM
11-29,06:09:00 AM,07:41:00 AM,12:37:00 PM,03:14:00 PM,05:36:00 PM,06:59:00 PM
11-30,06:10:00 AM,07:41:00 AM,12:37:00 PM,03:14:00 PM,05:35:00 PM,06:59:00 PM
12-01,06:11:00 AM,07:42:00 AM,12:37:00 PM,03:14:00 PM,05:35:00 PM,06:59:00 PM
12-02,06:12:00 AM,07:43:00 AM,12:38:00 PM,03:14:00 PM,05:35:00 PM,06:59:00 PM
12-03,06:12:00 AM,07:44:00 AM,12:38:00 PM,03:14:00 PM,05:35:00 PM,06:59:00 PM
12-04,06:13:00 AM,07:45:00 AM,12:39:00 PM,03:14:00 PM,05:35:00 PM,06:59:00 PM
12-05,06:14:00 AM,07:46:00 AM,12:39:00 PM,03:14:00 PM,05:35:00 PM,06:59:00 PM
12-06,06:15:00 AM,07:47:00 AM,12:39:00 PM,03:14:00 PM,05:35:00 PM,06:59:00 PM
12-07,06:15:00 AM,07:48:00 AM,12:40:00 PM,03:14:00 PM,05:35:00 PM,06:59:00 PM
12-08,06:16:00 AM,07:49:00 AM,12:40:00 PM,03:14:00 PM,05:35:00 PM,06:59:00 PM
12-09,06:17:00 AM,07:49:00 AM,12:41:00 PM,03:14:00 PM,05:35:00 PM,06:59:00 PM
12-10,06:18:00 AM,07:50:00 AM,12:41:00 PM,03:14:00 PM,05:35:00 PM,06:59:00 PM
12-11,06:18:00 AM,07:51:00 AM,12:42:00 PM,03:14:00 PM,05:35:00 PM,07:00:00 PM
12-12,06:19:00 AM,07:52:00 AM,12:42:00 PM,03:15:00 PM,05:35:00 PM,07:00:00 PM
12-13,06:20:00 AM,07:52:00 AM,12:43:00 PM,03:15:00 PM,05:36:00 PM,07:00:00 PM
12-14,06:20:00 AM,07:53:00 AM,12:43:00 PM,03:15:00 PM,05:36:00 PM,07:01:00 PM
12-15,06:21:00 AM,07:54:00 AM,12:44:00 PM,03:15:00 PM,05:36:00 PM,07:01:00 PM
12-16,06:22:00 AM,07:54:00 AM,12:44:00 PM,03:16:00 PM,05:37:00 PM,07:01:00 PM
12-17,06:22:00 AM,07:55:00 AM,12:45:00 PM,03:16:00 PM,05:37:00 PM,07:02:00 PM
12-18,06:23:00 AM,07:56:00 AM,12:45:00 PM,03:17:00 PM,05:37:00 PM,07:02:00 PM
12-19,06:23:00 AM,07:56:00 AM,12:45:00 PM,03:17:00 PM,05:38:00 PM,07:02:00 PM
12-20,06:24:00 AM,07:57:00 AM,12:46:00 PM,03:17:00 PM,05:38:00 PM,07:03:00 PM
12-21,06:24:00 AM,07:57:00 AM,12:46:00 PM,03:18:00 PM,05:39:00 PM,07:03:00 PM
12-22,06:25:00 AM,07:58:00 AM,12:47:00 PM,03:18:00 PM,05:39:00 PM,07:04:00 PM
12-23,06:25:00 AM,07:58:00 AM,12:47:00 PM,03:19:00 PM,05:40:00 PM,07:04:00 PM
12-24,06:26:00 AM,07:59:00 AM,12:48:00 PM,03:20:00 PM,05:40:00 PM,07:05:00 PM
12-25,06:26:00 AM,07:59:00 AM,12:48:00 PM,03:20:00 PM,05:41:00 PM,07:06:00 PM
12-26,06:27:00 AM,07:59:00 AM,12:49:00 PM,03:21:00 PM,05:41:00 PM,07:06:00 PM
12-27,06:27:00 AM,08:00:00 AM,12:49:00 PM,03:21:00 PM,05:42:00 PM,07:07:00 PM
12-28,06:27:00 AM,08:00:00 AM,12:50:00 PM,03:22:00 PM,05:43:00 PM,07:07:00 PM
12-29,06:28:00 AM,08:00:00 AM,12:50:00 PM,03:23:00 PM,05:44:00 PM,07:08:00 PM
12-30,06:28:00 AM,08:01:00 AM,12:51:00 PM,03:23:00 PM,05:44:00 PM,07:09:00 PM
12-31,06:28:00 AM,08:01:00 AM,12:51:00 PM,03:24:00 PM,05:45:00 PM,07:09:00 PM
